idx,start,stop,text,speaker,strt_Frm,end_Frm
21,"00:03:29,051","00:03:32,257",I hear they might promote Bryukhanov. ,FOMIN,5011,5083
22,"00:03:32,259","00:03:36,341",This little problem we have with the safety test... ,FOMIN,5083,5179
23,"00:03:36,343","00:03:40,174","if it's completed successfully, ",FOMIN,5179,5275
24,"00:03:40,176","00:03:44,007","yes, I think promotion's very likely. ",FOMIN,5275,5371
25,"00:03:44,009","00:03:46,176","Who knows, maybe Moscow. ",FOMIN,5371,5419
26,"00:03:48,009","00:03:50,466","Naturally, they'll put me in charge once he's gone, ",FOMIN,5466,5514
27,"00:03:50,468","00:03:53,509",and then I'll need someone to take my old job. ,FOMIN,5514,5586
28,"00:03:55,301","00:03:57,593",I could pick Sitnikov. ,FOMIN,5634,5682
29,"00:04:06,301","00:04:08,468",I would like to be considered. ,DYATLOV,5898,5946
30,"00:04:11,593","00:04:13,176",I'll keep that in mind. ,FOMIN,6018,6066
31,"00:04:15,009","00:04:16,633","Viktor Petrovich, ",FOMIN,6114,6138
32,"00:04:16,635","00:04:18,965",preparations for the test have gone smoothly. ,FOMIN,6138,6186
33,"00:04:18,967","00:04:22,299","Comrade Dyatlov's been working per my instructions, ",FOMIN,6186,6282
34,"00:04:22,301","00:04:26,633",and Reactor 4 output's been reduced to 1600 megawatts. ,FOMIN,6282,6378
35,"00:04:26,635","00:04:30,337","With your approval, we're ready to continue lowering power to... ",FOMIN,6378,6474
36,"00:04:30,340","00:04:32,009",We have to wait. ,BRYUKHANOV,6474,6522
37,"00:04:33,092","00:04:34,507","Is, uh...? ",LEGASOV,6545,6569
38,"00:04:34,509","00:04:37,507","Are you going to ask me if there's a problem, Nikolai? ",BRYUKHANOV,6569,6641
39,"00:04:37,509","00:04:39,841",You can't read a fucking face? ,BRYUKHANOV,6641,6689
40,"00:04:39,843","00:04:42,466","Three years, I've tried to finish this test. ",BRYUKHANOV,6689,6761
41,"00:04:42,468","00:04:44,009",Three years. ,BRYUKHANOV,6761,6809
42,"00:04:50,843","00:04:53,174",I've just had a call from the grid controller in Kiev. ,BRYUKHANOV,6953,7025
43,"00:04:53,176","00:04:55,507","He says we can't lower power any further, ",BRYUKHANOV,7025,7073
44,"00:04:55,509","00:04:56,758",not for another ten hours. ,BRYUKHANOV,7073,7097
45,"00:04:56,760","00:04:58,790",The grid controller? Where does he get off... ,DYATLOV,7097,7145
46,"00:04:58,793","00:05:02,633","It's not the grid controller's decision, Dyatlov. ",BRYUKHANOV,7145,7241
47,"00:05:02,635","00:05:04,758",It's the end of the month. ,BRYUKHANOV,7241,7289
48,"00:05:04,760","00:05:07,466",All the productivity quotas. ,BRYUKHANOV,7289,7361
49,"00:05:07,468","00:05:10,299","Everyone's working overtime, the factories need power. ",BRYUKHANOV,7361,7433
50,"00:05:10,301","00:05:12,257",Someone's pushing down from above. ,BRYUKHANOV,7433,7481
51,"00:05:12,259","00:05:14,843","Although, we'll never know who. ",BRYUKHANOV,7481,7529
52,"00:05:22,384","00:05:24,758","So, do we have to scrap it or what? ",BRYUKHANOV,7720,7768
53,"00:05:24,760","00:05:27,215","No, I don't think so. ",FOMIN,7768,7840
54,"00:05:27,217","00:05:29,215","If we need to wait ten hours, ",FOMIN,7840,7888
55,"00:05:29,217","00:05:30,924","- we wait - Running at half power, ",BRYUKHANOV,7888,7912
56,"00:05:30,926","00:05:33,299",we're not going to have stability issues? ,BRYUKHANOV,7912,7984
57,"00:05:33,301","00:05:36,551","- No, I-I should think... - I'm not asking you. ",BRYUKHANOV,7984,8056
58,"00:05:39,176","00:05:40,591",It's safe. ,DYATLOV,8128,8152
59,"00:05:40,593","00:05:42,215",We'll maintain at 1600. ,DYATLOV,8152,8200
60,"00:05:42,217","00:05:44,883","I'll go home, get some sleep, come back tonight. ",DYATLOV,8200,8248
61,"00:05:44,885","00:05:46,924",We'll proceed then. ,DYATLOV,8248,8296
62,"00:05:46,926","00:05:49,299",I'll personally supervise the test. ,DYATLOV,8296,8368
63,"00:05:49,301","00:05:51,801",And it will be completed. ,DYATLOV,8368,8416
64,"00:05:55,468","00:05:58,299","Well, I'm not waiting around then. ",BRYUKHANOV,8512,8584
65,"00:05:58,301","00:05:59,801",Call me when it's done. ,BRYUKHANOV,8584,8608
66,"00:06:29,829","00:06:36,504","- <font color=""#D81D1D"">Synced and corrected by VitoSilans</font> - -- <font color=""#138CE9"">www.MY-SUBS.com</font> -- ",CHARKOV,9327,9495
67,"00:07:37,259","00:07:38,843",How do you feel? ,CHARKOV,10957,10981
68,"00:07:40,676","00:07:42,215",You went to the doctor yesterday. ,CHARKOV,11029,11077
69,"00:07:42,217","00:07:44,424",How is your health? ,CHARKOV,11077,11125
70,"00:07:44,426","00:07:46,635",You don't know? ,LEGASOV,11125,11173
71,"00:07:47,760","00:07:49,382",From Vienna. ,CHARKOV,11197,11245
72,"00:07:49,384","00:07:50,926",Do you read German? ,CHARKOV,11245,11269
73,"00:07:52,426","00:07:58,007","It says, ""At last a Soviet scientist who tells the truth."" ",CHARKOV,11317,11461
74,"00:07:58,009","00:07:59,924","Obviously, I resent the insinuation, ",CHARKOV,11461,11485
75,"00:07:59,926","00:08:01,313","but I think it's fair to say, ",CHARKOV,11485,11533
76,"00:08:01,314","00:08:03,838",you made an excellent impression at the conference. ,CHARKOV,11533,11581
77,"00:08:03,840","00:08:06,716","Turns out, you're quite good at this. ",CHARKOV,11581,11653
78,"00:08:06,718","00:08:08,674",At what? Lying? ,LEGASOV,11653,11701
79,"00:08:08,676","00:08:11,758","Statecraft, Legasov. Statecraft. ",CHARKOV,11701,11773
80,"00:08:11,760","00:08:14,257",The West is now satisfied ,CHARKOV,11773,11845
81,"00:08:14,259","00:08:17,299","that Chernobyl was solely the result of operator error, ",CHARKOV,11845,11917
82,"00:08:17,301","00:08:19,382",which it essentially was. ,CHARKOV,11917,11965
83,"00:08:19,384","00:08:21,382","We have you to thank for that, ",CHARKOV,11965,12012
84,"00:08:21,384","00:08:23,051",and we intend to. ,CHARKOV,12012,12060
85,"00:08:27,092","00:08:29,633","""Hero of the Soviet Union."" ",LEGASOV,12156,12204
86,"00:08:29,635","00:08:31,758",Our highest honor. ,CHARKOV,12204,12252
87,"00:08:31,760","00:08:34,591",They haven't even given it to me. ,CHARKOV,12252,12324
88,"00:08:34,593","00:08:38,593","""Promotion to Director of the Kurchatov Institute."" ",LEGASOV,12324,12420
89,"00:08:41,051","00:08:42,716",I'm humbled. ,LEGASOV,12492,12516
90,"00:08:42,718","00:08:47,341","I don't think there's anything humble about you, Valery Alexeyevich. ",CHARKOV,12516,12636
91,"00:08:47,343","00:08:49,883",These rewards are not yours yet. ,CHARKOV,12636,12684
92,"00:08:49,885","00:08:51,716","First, your testimony at the trial. ",CHARKOV,12684,12732
93,"00:08:51,718","00:08:56,965","Comrade Charkov, I understand my duty to the State. ",LEGASOV,12732,12852
94,"00:08:56,967","00:08:59,716",But you gave us assurances. ,LEGASOV,12852,12924
95,"00:08:59,718","00:09:02,215",The reactors would be made safe. ,LEGASOV,12924,12996
96,"00:09:02,217","00:09:04,716","It's been months, no changes have been made. ",LEGASOV,12996,13044
97,"00:09:04,718","00:09:08,384","changes even discussed. - First, the trial.",LEGASOV,13044,13139
98,"00:09:09,593","00:09:12,007","Once it's over, we will have our villains, ",CHARKOV,13163,13235
99,"00:09:12,009","00:09:16,132","we will have our hero, we will have our truth. ",CHARKOV,13235,13331
100,"00:09:16,134","00:09:19,676","After that, we can deal with the reactors. ",CHARKOV,13331,13403
101,"00:10:44,176","00:10:46,174",Did you take a train? ,LEGASOV,15441,15489
102,"00:10:46,176","00:10:49,007","Yes, I took a train. ",KHOMYUK,15489,15561
103,"00:10:49,009","00:10:51,924",Now let's talk about Vienna. ,KHOMYUK,15561,15609
104,"00:10:51,926","00:10:54,049",I'm not here to scold you. ,KHOMYUK,15609,15681
105,"00:10:54,051","00:10:57,718",I know how the world works despite what Shcherbina says. ,KHOMYUK,15681,15753
106,"00:10:58,926","00:11:02,382",So... why are you here? ,LEGASOV,15777,15873
107,"00:11:02,384","00:11:05,382",Because I'm brutally stubborn. ,KHOMYUK,15873,15945
108,"00:11:05,384","00:11:07,593",Which you were hoping for. ,KHOMYUK,15945,15993
109,"00:11:11,384","00:11:15,801",Charkov is saying they're going to fix the reactors after the trial. ,LEGASOV,16089,16185
110,"00:11:17,426","00:11:19,007",Do you believe him? ,KHOMYUK,16233,16281
111,"00:11:21,966","00:11:24,282","The State will never willingly fix the reactors, ",KHOMYUK,16329,16400
112,"00:11:24,285","00:11:27,799",because acknowledging the problem means admitting that they lied. ,KHOMYUK,16400,16472
113,"00:11:27,801","00:11:29,718",They will have to be forced. ,KHOMYUK,16472,16520
114,"00:11:36,718","00:11:40,426","At the trial, you're going to tell the truth. ",KHOMYUK,16688,16784
115,"00:11:41,760","00:11:43,965",You're going to convince the jury. ,KHOMYUK,16808,16856
116,"00:11:43,967","00:11:46,299",It's a show trial. ,LEGASOV,16856,16928
117,"00:11:46,301","00:11:48,314",The jury's already been handed their verdict. ,LEGASOV,16928,16976
118,"00:11:48,317","00:11:49,944",I'm not talking about them. ,KHOMYUK,16976,17000
119,"00:11:52,092","00:11:53,883",The Central Committee have invited ,KHOMYUK,17072,17096
120,"00:11:53,885","00:11:57,591",members of the scientific community to observe the trial. ,KHOMYUK,17096,17192
121,"00:11:57,593","00:12:01,341","Our colleagues, from Kurchatov, ",KHOMYUK,17192,17288
122,"00:12:01,343","00:12:03,466","from Sredmash, from Minenergo, ",KHOMYUK,17288,17336
123,"00:12:03,468","00:12:07,257",they will be sitting in the crowd listening to every word you say. ,KHOMYUK,17336,17432
124,"00:12:07,259","00:12:09,424",A jury that only we know is there. ,KHOMYUK,17432,17479
125,"00:12:09,426","00:12:13,509",And when your testimony arrives at the moment of the explosion? ,KHOMYUK,17479,17575
126,"00:12:15,134","00:12:18,716",That is when our jury will finally hear the truth. ,KHOMYUK,17623,17695
127,"00:12:18,718","00:12:21,591",And do what with it? - Insist on reform.,LEGASOV,17695,17767
128,"00:12:23,176","00:12:25,306","Not just to the RBMK, but the entire industry. ",KHOMYUK,17815,17863
129,"00:12:25,309","00:12:26,799","No, no, no, no, no. ",SHCHERBINA,17863,17887
130,"00:12:26,801","00:12:29,299","- They can't function without us. - No, no, no. ",SHCHERBINA,17887,17959
131,"00:12:29,301","00:12:31,591",Do you know what happened to Volkov ,KHOMYUK,17959,18007
132,"00:12:31,593","00:12:34,132",the man whose report you found? ,LEGASOV,18007,18079
133,"00:12:34,134","00:12:38,924",They just removed him from his position at the Institute. ,LEGASOV,18079,18175
134,"00:12:38,926","00:12:42,132",Sacked for the crime of knowing. ,LEGASOV,18175,18271
135,"00:12:42,134","00:12:44,507","And you think that these scientists, ",LEGASOV,18271,18319
136,"00:12:44,509","00:12:47,341","handpicked to witness a show trial, ",SHCHERBINA,18319,18391
137,"00:12:47,343","00:12:51,049",will somehow be stirred into action by me? ,JUDGE KADNIKOV,18391,18487
138,"00:12:51,051","00:12:55,174",Because of some heroic stance I take in defiance of the State? ,LEGASOV,18487,18582
139,"00:12:55,176","00:12:57,210",Yes. - Why?,LEGASOV,18582,18630
140,"00:12:57,213","00:13:01,092","Because you're Valery Legasov, and you mean something. ",LEGASOV,18630,18726
141,"00:13:03,127","00:13:05,845","I'd like to think that if I spoke out, it would be enough. ",CHARKOV,18774,18822
142,"00:13:07,009","00:13:09,509",But I know how the world works. ,CHARKOV,18870,18918
143,"00:13:12,217","00:13:15,468","They will shoot me, Khomyuk. ",CHARKOV,18990,19062
144,"00:13:18,343","00:13:21,633",You told me to find out what happened. ,JUDGE KADNIKOV,19134,19206
145,"00:13:21,635","00:13:23,841",I spoke to dozens of people. ,CHARKOV,19206,19254
146,"00:13:23,843","00:13:28,466","Every word they said, I wrote down. ",LEGASOV,19254,19374
147,"00:13:28,468","00:13:30,883",All in these books. ,CHARKOV,19374,19422
148,"00:13:30,885","00:13:32,633",These are the ones who are still alive. ,LEGASOV,19422,19470
149,"00:13:32,635","00:13:34,382",These are the ones who are dead. ,CHARKOV,19470,19518
150,"00:13:34,384","00:13:36,429",They died rescuing each other. ,CHARKOV,19518,19566
151,"00:13:36,432","00:13:39,341","Putting out fires, tending to the wounded. ",CHARKOV,19566,19637
152,"00:13:39,343","00:13:41,215","They didn't hesitate, they didn't waiver. ",LEGASOV,19637,19685
153,"00:13:41,217","00:13:43,466",They simply did what had to be done. ,JUDGE KADNIKOV,19685,19733
154,"00:13:43,468","00:13:45,416",So have I. ,CHARKOV,19733,19781
155,"00:13:45,504","00:13:47,580",So have I. ,CHARKOV,19781,19829
156,"00:13:47,583","00:13:50,716",I went willingly to an open reactor. ,LEGASOV,19829,19901
157,"00:13:50,718","00:13:54,090",So I've already given my life. ,LEGASOV,19901,19997
158,"00:13:54,092","00:13:56,217",Isn't that enough? ,CHARKOV,19997,20045
159,"00:13:57,718","00:14:00,885","No, I'm sorry, but it is not. ",LEGASOV,20069,20141
160,"00:15:09,343","00:15:12,341",The Central Committee of the Communist Party of the Soviet Union ,CHARKOV,21796,21867
161,"00:15:12,343","00:15:15,424",and the Presidium of the Supreme Soviet of the U.S.S.R. ,JUDGE KADNIKOV,21867,21939
162,"00:15:15,426","00:15:17,424",has determined that justice be carried out ,JUDGE KADNIKOV,21939,21987
163,"00:15:17,426","00:15:18,924",on behalf of the People ,CHARKOV,21987,22011
164,"00:15:18,926","00:15:21,507",in accordance with the general goal of our Party ,LEGASOV,22011,22083
165,"00:15:21,509","00:15:25,299","as determined by its 20th, 21st, and 22nd Congresses, ",LEGASOV,22083,22179
166,"00:15:25,301","00:15:27,299",which is a Leninist goal. ,CHARKOV,22179,22227
167,"00:15:27,301","00:15:28,591","It was, is, and will be ",CHARKOV,22227,22251
168,"00:15:28,593","00:15:31,341",the only immutable goal in the Soviet state. ,JUDGE KADNIKOV,22251,22323
169,"00:15:31,343","00:15:32,716",The path of Leninist principles ,CHARKOV,22323,22347
170,"00:15:32,718","00:15:35,507",shall be consistently and undeviatingly followed ,CHARKOV,22347,22419
171,"00:15:35,509","00:15:38,841","as it expresses the vital interests of the Soviet People, ",JUDGE KADNIKOV,22419,22491
172,"00:15:38,843","00:15:40,174",its hopes and aspirations ,LEGASOV,22491,22539
173,"00:15:40,176","00:15:42,609",as we guide the life of the Party and the State. ,CHARKOV,22539,22587
174,"00:15:42,612","00:15:44,716","This session of court is now open, ",CHARKOV,22587,22635
175,"00:15:44,718","00:15:47,843",Comrade Judge Milan Kadnikov presiding. ,JUDGE KADNIKOV,22635,22707
176,"00:15:49,343","00:15:50,591",Indictments: ,CHARKOV,22755,22779
177,"00:15:50,593","00:15:52,716","Viktor Bryukhanov, ",LEGASOV,22779,22827
178,"00:15:52,718","00:15:55,007","Anatoly Dyatlov, ",LEGASOV,22827,22898
179,"00:15:55,009","00:15:57,007",Nikolai Fomin... ,CHARKOV,22898,22946
180,"00:15:57,009","00:16:00,049",are accused of violating Article 220 Section 2 ,LEGASOV,22946,23018
181,"00:16:00,051","00:16:02,312","of the Criminal Code of the Soviet Union, ",JUDGE KADNIKOV,23018,23066
182,"00:16:02,315","00:16:07,299","resulting in a nuclear disaster on April 26, 1986. ",LEGASOV,23066,23186
183,"00:16:07,301","00:16:09,883",The State calls witnesses Comrade Khomyuk ,CHARKOV,23186,23234
184,"00:16:09,885","00:16:12,341","of the Byelorussian Nuclear Institute, ",CHARKOV,23234,23306
185,"00:16:12,343","00:16:16,507","Comrade Legasov of the Kurchatov Institute of Atomic Energy, ",CHARKOV,23306,23402
186,"00:16:16,509","00:16:21,174","and Comrade Boris Evdokimovich Shcherbina, ",CHARKOV,23402,23522
187,"00:16:21,176","00:16:23,674",Deputy Chairman of the Council of Ministers ,LEGASOV,23522,23570
188,"00:16:23,676","00:16:27,217",and head of the Bureau for Fuel and Energy. ,CHARKOV,23570,23666
189,"00:17:01,092","00:17:06,758","It began with, of all things, a safety test. ",CHARKOV,24481,24601
190,"00:17:06,760","00:17:09,758",Why was there need for a safety test at all? ,LEGASOV,24601,24673
191,"00:17:09,760","00:17:14,090",Reactor Number 4 was not new when the accident occurred. ,LEGASOV,24673,24793
192,"00:17:14,092","00:17:19,716","In fact, it went into operation on December 20th, 1983. ",LEGASOV,24793,24913
193,"00:17:19,718","00:17:23,758","Eleven days later, on the last day of the year, ",LEGASOV,24913,25009
194,"00:17:23,760","00:17:28,591",Plant Director Viktor Bryukhanov signed this document... ,JUDGE KADNIKOV,25009,25128
195,"00:17:28,593","00:17:34,926",certifying the completion of the construction of the reactor. ,LEGASOV,25128,25272
196,"00:17:36,592","00:17:41,048","As a result of finishing the work before the end of the year, ",LEGASOV,25320,25440
197,"00:17:41,051","00:17:44,883",Comrade Bryukhanov was awarded Hero of Socialist Labor. ,LEGASOV,25440,25512
198,"00:17:44,885","00:17:49,633",Comrade Fomin was awarded for Valorous Labor. ,LEGASOV,25512,25632
199,"00:17:49,635","00:17:54,301",Comrade Dyatlov was given an Order of the Red Banner. ,LEGASOV,25632,25752
200,"00:17:56,217","00:17:58,843",But their work was not finished. ,LEGASOV,25800,25848
201,"00:18:00,384","00:18:04,674",And this document was a lie. ,LEGASOV,25896,25992
202,"00:18:04,676","00:18:07,633","In order to sign this certificate, ",CHARKOV,25992,26064
203,"00:18:07,635","00:18:12,090","all safety tests had to have been successfully completed, ",CHARKOV,26064,26183
204,"00:18:12,092","00:18:15,217","and yet, one remained. ",CHARKOV,26183,26255
205,"00:18:17,259","00:18:22,507",A nuclear reactor generates heat in the core here. ,LEGASOV,26303,26423
206,"00:18:22,509","00:18:24,799","A series of pumps, here and here, ",LEGASOV,26423,26471
207,"00:18:24,801","00:18:28,341",send a constant flow of cooling water through the core. ,LEGASOV,26471,26567
208,"00:18:28,343","00:18:30,883","The core's heat turns the water to steam, ",LEGASOV,26567,26615
209,"00:18:30,885","00:18:33,341","and the steam spins the turbine here, ",CHARKOV,26615,26687
210,"00:18:33,343","00:18:35,716",and the result is electricity. ,CHARKOV,26687,26735
211,"00:18:35,718","00:18:39,468",But what if a power plant has no power? ,CHARKOV,26735,26831
212,"00:18:40,343","00:18:44,007",What if the power feeding the plant itself is disrupted? ,CHARKOV,26855,26951
213,"00:18:44,009","00:18:46,633","A blackout, equipment failure, ",CHARKOV,26951,26999
214,"00:18:46,635","00:18:49,507",or an attack by a foreign enemy? ,LEGASOV,26999,27071
215,"00:18:49,509","00:18:51,382","If there's no power, ",LEGASOV,27071,27119
216,"00:18:51,384","00:18:54,341",the pumps cannot move water through the core. ,LEGASOV,27119,27191
217,"00:18:54,343","00:18:57,215","And without water, the core overheats, ",LEGASOV,27191,27262
218,"00:18:57,217","00:18:58,799",the fuel melts down. ,LEGASOV,27262,27286
219,"00:18:58,801","00:19:01,299","In short, a nuclear disaster. ",CHARKOV,27286,27358
220,"00:19:01,301","00:19:03,049",The solution? ,JUDGE KADNIKOV,27358,27406
221,"00:19:03,051","00:19:07,049",Three diesel fuel backup generators here. ,LEGASOV,27406,27502
222,"00:19:07,051","00:19:09,382","So, problem solved? ",LEGASOV,27502,27550
223,"00:19:09,384","00:19:10,924",No. ,LEGASOV,27550,27574
224,"00:19:10,927","00:19:13,716",Bryukhanov knew that the problem was not solved at all. ,CHARKOV,27574,27646
225,"00:19:13,718","00:19:17,215",The backup generators took approximately one minute ,CHARKOV,27646,27742
226,"00:19:17,217","00:19:19,591",to reach the speed required ,LEGASOV,27742,27790
227,"00:19:19,593","00:19:21,928","to power the pumps and prevent a meltdown, ",CHARKOV,27790,27838
228,"00:19:21,931","00:19:26,341","and by that time, it would be too late. ",CHARKOV,27838,27958
229,"00:19:26,343","00:19:28,718",So we arrive at the safety test. ,LEGASOV,27958,28006
230,"00:19:30,426","00:19:34,132","The theory was this: If the facility lost power, ",CHARKOV,28054,28150
231,"00:19:34,134","00:19:36,049","the turbine, which had been spinning, ",LEGASOV,28150,28198
232,"00:19:36,051","00:19:38,841",would take some time to slow down and stop. ,LEGASOV,28198,28246
233,"00:19:38,843","00:19:41,299",What if you could take the electricity ,CHARKOV,28246,28318
234,"00:19:41,301","00:19:44,591",it was still generating and transfer it to the pumps? ,LEGASOV,28318,28389
235,"00:19:44,593","00:19:46,257",What if the dying turbine ,LEGASOV,28389,28437
236,"00:19:46,259","00:19:48,466",could keep the pumps working long enough ,CHARKOV,28437,28485
237,"00:19:48,468","00:19:52,926",to bridge the 60-second gap until the generators came on? ,LEGASOV,28485,28581
238,"00:19:57,801","00:19:59,259",Any questions? ,CHARKOV,28701,28749
239,"00:20:00,718","00:20:04,134","No. Continue, please. ",CHARKOV,28773,28869
240,"00:20:05,760","00:20:08,049","To test this theory, ",LEGASOV,28893,28965
241,"00:20:08,051","00:20:11,090",the reactor is placed in a reduced power mode... ,LEGASOV,28965,29037
242,"00:20:11,092","00:20:12,758",700 megawatts... ,LEGASOV,29037,29061
243,"00:20:12,760","00:20:15,424",to simulate a blackout condition. ,CHARKOV,29061,29133
244,"00:20:15,426","00:20:17,424","Then the turbines are turned off, ",LEGASOV,29133,29181
245,"00:20:17,426","00:20:19,507","and as they slowly spin down, ",LEGASOV,29181,29229
246,"00:20:19,509","00:20:21,382",their electrical output is measured ,CHARKOV,29229,29277
247,"00:20:21,384","00:20:25,132",to see if it's enough to power the pumps. ,CHARKOV,29277,29373
248,"00:20:25,134","00:20:27,466","The science is strong, ",LEGASOV,29373,29421
249,"00:20:27,468","00:20:32,509",but a test is only as good as the men carrying it out. ,CHARKOV,29421,29540
250,"00:20:33,801","00:20:37,299","Now, the first time they tried, they failed. ",CHARKOV,29564,29660
251,"00:20:37,301","00:20:40,132","The second time they tried, they failed. ",JUDGE KADNIKOV,29660,29732
252,"00:20:40,134","00:20:42,883","The third time they tried, they failed. ",CHARKOV,29732,29780
253,"00:20:42,885","00:20:45,965",The fourth time they tried ,LEGASOV,29780,29852
254,"00:20:45,967","00:20:50,134","was April 26th, 1986. ",LEGASOV,29852,29972
255,"00:21:01,757","00:21:03,757",Comrade Khomyuk. ,CHARKOV,30236,30284
256,"00:21:27,509","00:21:29,341","To understand what happened that night, ",JUDGE KADNIKOV,30859,30907
257,"00:21:29,343","00:21:31,424",we have to go back ten hours earlier... ,LEGASOV,30907,30955
258,"00:21:31,426","00:21:35,007","April 25th, the day the test was meant to take place. ",JUDGE KADNIKOV,30955,31051
259,"00:21:35,009","00:21:36,341","By two in the afternoon, ",CHARKOV,31051,31075
260,"00:21:36,343","00:21:38,466",the reactor has been lowered by half ,LEGASOV,31075,31123
261,"00:21:38,468","00:21:41,716",from its normal output level of 3200 megawatts ,CHARKOV,31123,31195
262,"00:21:41,718","00:21:44,007",to 1600 megawatts and is stable ,LEGASOV,31195,31267
263,"00:21:44,009","00:21:47,215",and ready to be reduced to its final output level for the test: ,LEGASOV,31267,31339
264,"00:21:47,217","00:21:49,215",700 megawatts. ,LEGASOV,31339,31387
265,"00:21:49,217","00:21:53,176","But before they can proceed, there is a phone call. ",CHARKOV,31387,31483
266,"00:21:54,217","00:21:57,299",Power grid officials in Kiev say that they cannot afford ,CHARKOV,31507,31579
267,"00:21:57,301","00:22:00,758",a further reduction in the electricity until after midnight. ,CHARKOV,31579,31650
268,"00:22:00,760","00:22:03,384",They are asking for a ten-hour delay. ,LEGASOV,31650,31722
269,"00:22:04,426","00:22:06,382","This is the first critical moment, ",CHARKOV,31746,31794
270,"00:22:06,384","00:22:08,924",the first link in the chain of disaster. ,CHARKOV,31794,31842
271,"00:22:08,926","00:22:13,591",Competent management would have insisted on canceling the test. ,CHARKOV,31842,31962
272,"00:22:13,593","00:22:16,593",These three men allowed it to proceed. ,JUDGE KADNIKOV,31962,32034
273,"00:22:18,301","00:22:20,382",Why was this delay so dangerous? ,LEGASOV,32082,32130
274,"00:22:20,384","00:22:23,132",It created two problems: ,CHARKOV,32130,32202
275,"00:22:23,134","00:22:26,092",One of them is scientific in nature... ,CHARKOV,32202,32274
276,"00:22:27,217","00:22:29,924",and the other is very human. ,CHARKOV,32298,32346
277,"00:22:29,926","00:22:32,051",This is the one we will consider first. ,LEGASOV,32346,32418
278,"00:22:32,967","00:22:37,092","At midnight, there is a shift change. ",LEGASOV,32418,32538
279,"00:22:48,760","00:22:51,343",Hey. ,LEGASOV,32801,32873
280,"00:22:52,084","00:22:55,233",Khodemchuk... - Forget it. Find another fool.,CHARKOV,32897,32969
281,"00:22:55,236","00:22:57,799","Toptunov, want to buy a motorcycle? ",CHARKOV,32969,33017
282,"00:22:57,801","00:23:00,257",Toptunov? He's just a little boy. ,CHARKOV,33017,33089
283,"00:23:00,259","00:23:02,257",He's got more hair on his face than on his balls. ,CHARKOV,33089,33137
284,"00:23:02,259","00:23:04,633",Hair? Is that what's on his lip? ,CHARKOV,33137,33185
285,"00:23:06,718","00:23:08,299",Leonid Fedorovych. ,LEGASOV,33233,33281
286,"00:23:08,301","00:23:11,061",Akimov says to come to the control room as soon as you can. ,LEGASOV,33281,33353
287,"00:23:11,064","00:23:13,014",Is he already here? - he came in early.,LEGASOV,33353,33401
288,"00:23:13,017","00:23:14,801",Something about a test. ,LEGASOV,33401,33425
289,"00:23:15,967","00:23:19,967",You see? Desperate. ,LEGASOV,33449,33545
290,"00:23:27,760","00:23:29,468",Sasha? ,CHARKOV,33737,33785
291,"00:23:30,509","00:23:34,299",Ah. You know the test they were supposed to run? ,CHARKOV,33808,33904
292,"00:23:34,301","00:23:36,965","The turbine rundown, they tried it last year. ",LEGASOV,33904,33952
293,"00:23:36,967","00:23:40,466","They couldn't do it on the day shift, so they've given it to us. ",LEGASOV,33952,34048
294,"00:23:40,468","00:23:41,591",To us? ,LEGASOV,34048,34072
295,"00:23:41,593","00:23:43,176",- We don't know what... - Shh. ,LEGASOV,34072,34120
296,"00:23:44,801","00:23:46,965",- We don't know what it is. - It's fine. ,LEGASOV,34144,34192
297,"00:23:46,967","00:23:49,174","We take it down to 700, hold it there, ",LEGASOV,34192,34264
298,"00:23:49,176","00:23:52,007","the rest is Stolyarchuk and Kirschenbaum, but... ",LEGASOV,34264,34336
299,"00:23:52,009","00:23:54,512",Dyatlov is gonna be supervising. ,CHARKOV,34336,34384
300,"00:23:54,515","00:23:56,924",I have to do something I've never done before ,LEGASOV,34384,34432
301,"00:23:56,926","00:23:58,449",with Dyatlov looking over my shoulder? ,LEGASOV,34432,34480
302,"00:23:58,452","00:24:01,257","Yeah, well, don't worry, we'll do it together. ",LEGASOV,34480,34552
303,"00:24:01,259","00:24:03,924",I'm looking at the instructions now. ,LEGASOV,34552,34600
304,"00:24:03,926","00:24:07,468",Are we supposed to do those or not? ,CHARKOV,34600,34696
305,"00:24:15,384","00:24:18,007","Yes, this is Akimov in 4. ",LEGASOV,34887,34959
306,"00:24:18,009","00:24:21,674",I have the manual for the rundown test. ,LEGASOV,34959,35031
307,"00:24:21,676","00:24:24,591",You did it last year. ,LEGASOV,35031,35103
308,"00:24:24,593","00:24:27,049","Yes, in the program there's instructions of what to do, ",CHARKOV,35103,35175
309,"00:24:27,051","00:24:29,591","and then, well, there's a lot of things crossed out. ",LEGASOV,35175,35223
310,"00:24:29,593","00:24:31,051",What should I...? ,LEGASOV,35223,35271
311,"00:24:32,843","00:24:34,718","Well, what should I...? ",LEGASOV,35295,35343
312,"00:24:36,551","00:24:38,174",Are you sure? ,CHARKOV,35391,35439
313,"00:24:38,176","00:24:40,885",Right. Thank you. ,LEGASOV,35439,35487
314,"00:24:42,259","00:24:45,132",He says to follow the crossed-out instructions. ,CHARKOV,35535,35607
315,"00:24:45,134","00:24:47,424",So then why are they crossed out? ,CHARKOV,35607,35655
316,"00:24:53,926","00:24:56,549",We've been cleared to run the test. ,LEGASOV,35799,35871
317,"00:24:56,551","00:24:58,382",1600. Good. ,LEGASOV,35871,35919
318,"00:24:58,384","00:25:01,633","Now, is it too much to ask that you all know what you're doing? ",CHARKOV,35919,35990
319,"00:25:01,635","00:25:03,676",Well... - Yes. Absolutely.,LEGASOV,35990,36038
320,"00:25:05,051","00:25:06,549",Stolyarchuk? - Yes.,LEGASOV,36086,36110
321,"00:25:06,551","00:25:09,674","- Kirschenbaum? - Uh, I haven't reviewed. ",LEGASOV,36110,36182
322,"00:25:09,676","00:25:11,633",We only just found out really... ,LEGASOV,36182,36230
323,"00:25:11,635","00:25:13,007","There, review it. ",LEGASOV,36230,36278
324,"00:25:13,009","00:25:14,924",Or you can just do what I tell you. ,LEGASOV,36278,36302
325,"00:25:14,926","00:25:17,967","I think even you, stupid as you are, can manage that. ",JUDGE KADNIKOV,36302,36374
326,"00:25:18,892","00:25:20,558","Well, let's go. ",CHARKOV,36398,36446
327,"00:25:23,429","00:25:26,402",I'm supposed to switch the turbine off while the reactor's still running? ,LEGASOV,36518,36590
328,"00:25:26,405","00:25:30,426",- This is not good... - Shut the fuck up and do your job! ,LEGASOV,36590,36686
329,"00:25:31,259","00:25:34,301","Toptunov, reduce power to 700. ",CHARKOV,36710,36782
330,"00:25:36,190","00:25:38,738",I've never done this with the power so low before. ,CHARKOV,36830,36878
331,"00:25:38,741","00:25:40,885",It's okay. I'm with you. ,CHARKOV,36878,36926
332,"00:25:45,926","00:25:47,718",Reducing power to 700. ,CHARKOV,37046,37093
333,"00:25:48,926","00:25:51,468",I want you to think of Yuri Gagarin. ,LEGASOV,37117,37189
334,"00:25:53,384","00:25:56,137",I want you to imagine that he has been told nothing ,LEGASOV,37237,37309
335,"00:25:56,140","00:25:59,799",of his mission into space until the moment that he is on the launch pad. ,CHARKOV,37309,37381
336,"00:25:59,801","00:26:01,965",I want you to imagine that all he has ,CHARKOV,37381,37429
337,"00:26:01,967","00:26:04,758","is a list of instructions that he has never seen before, ",CHARKOV,37429,37501
338,"00:26:04,760","00:26:07,299",some of which have been crossed out. ,CHARKOV,37501,37573
339,"00:26:07,301","00:26:09,299",This is exactly what was happening ,LEGASOV,37573,37621
340,"00:26:09,301","00:26:11,354",in the control room of Reactor 4. ,LEGASOV,37621,37669
341,"00:26:11,357","00:26:14,466",The night shift had not been trained to perform the experiment. ,LEGASOV,37669,37741
342,"00:26:14,468","00:26:17,299",They hadn't even been warned it was happening. ,LEGASOV,37741,37813
343,"00:26:17,301","00:26:19,174","Leonid Toptunov, ",LEGASOV,37813,37861
344,"00:26:19,176","00:26:22,799",the operator responsible for controlling and stabilizing ,JUDGE KADNIKOV,37861,37933
345,"00:26:22,801","00:26:27,967",the reactor that night was... all of 25 years old. ,LEGASOV,37933,38053
346,"00:26:29,217","00:26:32,424",And his total experience on the job? ,LEGASOV,38101,38172
347,"00:26:32,426","00:26:34,134",Four months. ,LEGASOV,38172,38220
348,"00:26:35,217","00:26:38,176",This is the human problem created by the delay. ,CHARKOV,38244,38316
349,"00:26:39,092","00:26:41,965","But inside the reactor core, ",LEGASOV,38340,38388
350,"00:26:41,967","00:26:44,174","in the space between the atoms themselves, ",LEGASOV,38388,38460
351,"00:26:44,176","00:26:47,507",something far more dangerous is forming. ,LEGASOV,38460,38532
352,"00:26:47,509","00:26:48,967",A poison. ,LEGASOV,38532,38556
353,"00:26:50,635","00:26:52,843",The time is 28 past midnight. ,LEGASOV,38604,38652
354,"00:27:11,009","00:27:13,343",Comrade Legasov. ,LEGASOV,39108,39156
355,"00:27:50,384","00:27:52,883",I'm pleased to see some of my colleagues here ,CHARKOV,40043,40091
356,"00:27:52,885","00:27:56,716",from the Kurchatov Institute and Minenergo. ,CHARKOV,40091,40187
357,"00:27:56,718","00:27:59,174",But you don't need to be a nuclear scientist ,CHARKOV,40187,40259
358,"00:27:59,176","00:28:02,299",to understand what happened at Chernobyl. ,JUDGE KADNIKOV,40259,40330
359,"00:28:02,301","00:28:04,382",You only need to know this: ,CHARKOV,40330,40378
360,"00:28:04,384","00:28:07,049",there are essentially two things that happen ,JUDGE KADNIKOV,40378,40450
361,"00:28:07,051","00:28:09,758",inside a nuclear reactor. ,LEGASOV,40450,40498
362,"00:28:09,760","00:28:12,382",The reactivity which generates power ,LEGASOV,40498,40570
363,"00:28:12,384","00:28:16,341","either goes up, or it goes down. ",LEGASOV,40570,40666
364,"00:28:16,343","00:28:17,841",That's it. ,LEGASOV,40666,40690
365,"00:28:17,843","00:28:22,092",All the operators do is maintain balance. ,LEGASOV,40690,40810
366,"00:28:24,009","00:28:25,885",Uranium fuel. ,LEGASOV,40858,40882
367,"00:28:27,718","00:28:30,841","As uranium atoms split apart and collide, ",CHARKOV,40930,41002
368,"00:28:30,843","00:28:32,466",reactivity goes up. ,LEGASOV,41002,41050
369,"00:28:32,468","00:28:34,758","But if you don't balance the reactivity, ",LEGASOV,41050,41098
370,"00:28:34,760","00:28:36,967",it never stops rising. So... ,CHARKOV,41098,41146
371,"00:28:38,885","00:28:41,299",Boron control rods. ,CHARKOV,41194,41266
372,"00:28:41,301","00:28:45,926",They reduce reactivity like brakes on a car. ,LEGASOV,41266,41362
373,"00:28:47,468","00:28:51,468",But there's a third factor to consider: water. ,LEGASOV,41410,41505
374,"00:28:52,843","00:28:55,424",Cool water takes heat out of the system. ,LEGASOV,41529,41601
375,"00:28:55,426","00:28:58,841","As it does, it turns to steam, or what we call a ""void."" ",JUDGE KADNIKOV,41601,41673
376,"00:28:58,843","00:29:02,341","In an RBMK reactor of the type used at Chernobyl, ",LEGASOV,41673,41769
377,"00:29:02,343","00:29:06,466","there's something called a ""positive void coefficient."" ",LEGASOV,41769,41865
378,"00:29:06,468","00:29:08,299",What does that mean? ,LEGASOV,41865,41913
379,"00:29:08,301","00:29:12,841","It means that the more steam present within the system, ",CHARKOV,41913,42009
380,"00:29:12,843","00:29:14,924","the higher the reactivity, ",LEGASOV,42009,42057
381,"00:29:14,926","00:29:18,049","which means more heat, which means more steam, ",LEGASOV,42057,42153
382,"00:29:18,051","00:29:19,674",which means... ,JUDGE KADNIKOV,42153,42177
383,"00:29:19,676","00:29:23,674",It would appear we have a vicious cycle on our hands. ,CHARKOV,42177,42273
384,"00:29:23,676","00:29:26,633","And we would, were it not for this... ",LEGASOV,42273,42345
385,"00:29:32,176","00:29:38,049","And we would, were it not for this: ",LEGASOV,42489,42632
386,"00:29:38,051","00:29:41,549",the negative temperature coefficient. ,LEGASOV,42632,42704
387,"00:29:41,551","00:29:47,551","When nuclear fuel gets hotter, it gets less reactive, so... ",LEGASOV,42704,42848
388,"00:29:48,801","00:29:51,257",fuel increases reactivity. ,LEGASOV,42872,42944
389,"00:29:51,259","00:29:54,299",Control rods and water reduce it. ,LEGASOV,42944,43016
390,"00:29:54,301","00:29:56,674","Steam increases it, ",CHARKOV,43016,43064
391,"00:29:56,676","00:30:00,049",and the rise in temperature reduces it. ,CHARKOV,43064,43160
392,"00:30:00,051","00:30:03,897",This is the invisible dance ,LEGASOV,43160,43232
393,"00:30:03,900","00:30:07,674",that powers entire cities without smoke or flame. ,CHARKOV,43232,43328
394,"00:30:07,676","00:30:11,049",And it is beautiful ,LEGASOV,43328,43424
395,"00:30:11,051","00:30:13,051",when things are normal. ,LEGASOV,43424,43472
396,"00:30:14,343","00:30:17,299","As uranium splits apart to release energy, ",CHARKOV,43496,43568
397,"00:30:17,301","00:30:20,883","it breaks down into a new element, xenon. ",CHARKOV,43568,43639
398,"00:30:20,885","00:30:23,841",Xenon reduces reactivity. ,LEGASOV,43639,43711
399,"00:30:23,843","00:30:27,341",This is the poison Comrade Khomyuk mentioned. ,CHARKOV,43711,43807
400,"00:30:27,343","00:30:29,382","When the core is running at full power, ",LEGASOV,43807,43855
401,"00:30:29,384","00:30:32,466",it burns the xenon away before it can cause a problem. ,LEGASOV,43855,43927
402,"00:30:32,468","00:30:34,674","But because of the delay, ",LEGASOV,43927,43975
403,"00:30:34,676","00:30:38,633",Chernobyl Reactor 4 has been held at half power ,CHARKOV,43975,44071
404,"00:30:38,635","00:30:40,299",for ten hours. ,LEGASOV,44071,44119
405,"00:30:40,301","00:30:43,051",The xenon did not burn away. ,LEGASOV,44119,44191
406,"00:30:44,384","00:30:48,841","It built up, poisoning the core. ",LEGASOV,44215,44311
407,"00:30:48,843","00:30:50,591",We're starting to lose balance. ,LEGASOV,44311,44359
408,"00:30:50,593","00:30:54,758","At 28 minutes past midnight, ",LEGASOV,44359,44455
409,"00:30:54,760","00:30:58,257",the reactor is now primed to slow down. ,LEGASOV,44455,44551
410,"00:30:58,259","00:31:01,841","And yet, in less than an hour, it will explode. ",LEGASOV,44551,44623
411,"00:31:01,843","00:31:05,716",If you can't understand how a stalled nuclear reactor ,LEGASOV,44623,44718
412,"00:31:05,718","00:31:08,507","could lead to an explosion, I don't blame you. ",LEGASOV,44718,44790
413,"00:31:08,509","00:31:10,633","After all, you don't work in the control room ",CHARKOV,44790,44838
414,"00:31:10,635","00:31:12,466",of a nuclear power plant. ,LEGASOV,44838,44886
415,"00:31:12,468","00:31:17,965","But as it turned out, the men who did ",CHARKOV,44886,45006
416,"00:31:17,967","00:31:20,257",didn't understand it either. ,LEGASOV,45006,45078
417,"00:31:26,176","00:31:27,716",Easy now. ,LEGASOV,45222,45246
418,"00:31:27,718","00:31:29,799",Take it down. ,LEGASOV,45246,45294
419,"00:31:29,801","00:31:31,965",Good. Like that. ,CHARKOV,45294,45342
420,"00:31:31,967","00:31:33,507",You should have finished by now. ,LEGASOV,45342,45390
421,"00:31:33,509","00:31:35,633",We're following protocol for reduction rate. ,LEGASOV,45390,45438
422,"00:31:35,635","00:31:37,341",You're procrastinating. ,LEGASOV,45438,45486
423,"00:31:37,343","00:31:40,182",There are ten other men in this plant who would've done it already. ,CHARKOV,45486,45558
424,"00:31:40,185","00:31:42,635",Keep working. You're doing fine. ,LEGASOV,45558,45606
425,"00:31:51,635","00:31:55,424","Kirschenbaum, come get me when these old women are ready. ",LEGASOV,45821,45917
426,"00:31:55,426","00:31:56,843","Yes, Comrade Dyatlov. ",LEGASOV,45917,45941
427,"00:32:15,967","00:32:17,956","Okay, very slow now. ",LEGASOV,46397,46445
428,"00:32:17,959","00:32:20,935",Let's ease it down to 700. ,LEGASOV,46445,46517
429,"00:32:23,760","00:32:27,676","- Whoa, whoa, whoa. Slow. - I-I didn't move any rods there. ",LEGASOV,46589,46685
430,"00:32:36,718","00:32:40,384",- What is this? - I'm not even touching it. ,LEGASOV,46900,46996
431,"00:33:05,092","00:33:07,841",We did everything right. I think that maybe the core is poisoned. ,CHARKOV,47596,47644
432,"00:33:07,843","00:33:09,194","Well, if you thought the core was poisoned, ",LEGASOV,47644,47692
433,"00:33:09,196","00:33:10,633","then you didn't do everything right, ",CHARKOV,47692,47716
434,"00:33:10,635","00:33:12,090",because you're choking my reactor! ,LEGASOV,47716,47764
435,"00:33:12,092","00:33:13,237",Get it back up! ,LEGASOV,47764,47788
436,"00:33:13,240","00:33:15,424","Uh, I think if we turn off LAC, ",LEGASOV,47788,47836
437,"00:33:15,426","00:33:17,341",it may be possible to get more control. ,JUDGE KADNIKOV,47836,47884
438,"00:33:17,343","00:33:20,440",do it. Go. - Switch off local automatic control.,LEGASOV,47884,47956
439,"00:33:20,443","00:33:23,132",Go to global. Leonid. ,LEGASOV,47956,48027
440,"00:33:23,134","00:33:25,843",LAC disabled. Global control activated. ,LEGASOV,48027,48075
441,"00:33:31,879","00:33:33,379",What did you do? ,LEGASOV,48219,48267
442,"00:33:34,176","00:33:37,092",- I-I did what you said. I switched... - Look at it! ,CHARKOV,48291,48363
443,"00:33:38,176","00:33:40,633",- I don't understand. - Fucking amateurs. ,CHARKOV,48387,48435
444,"00:33:40,635","00:33:42,507",You stalled the reactor. ,LEGASOV,48435,48483
445,"00:33:42,509","00:33:44,424",How the fuck did you get this job? ,CHARKOV,48483,48531
446,"00:33:44,426","00:33:45,378",Comrade Dyatlov... ,LEGASOV,48531,48555
447,"00:33:45,381","00:33:47,132","You're gonna tell me you did everything right again, ",CHARKOV,48555,48603
448,"00:33:47,134","00:33:48,716",you incompetent asshole? ,CHARKOV,48603,48627
449,"00:33:48,718","00:33:52,092",I apologize for this unsatisfactory result. ,LEGASOV,48627,48723
450,"00:33:56,884","00:34:00,673",what are you doing? - we have to Shut all the way down.,LEGASOV,48819,48915
451,"00:34:00,676","00:34:02,967",No. - we could be in a xenon pit.,LEGASOV,48915,48963
452,"00:34:02,970","00:34:04,674",We have to shut down and wait for 24 hours. ,CHARKOV,48963,49011
453,"00:34:04,676","00:34:06,883",No. We're doing the test tonight. Raise power to 700. ,LEGASOV,49011,49058
454,"00:34:06,885","00:34:08,257",We can't raise the power from here. ,LEGASOV,49058,49106
455,"00:34:08,259","00:34:09,924",- The rules... - Don't talk to me about rules. ,CHARKOV,49106,49130
456,"00:34:09,926","00:34:12,174","- If we fall from 80%... - No, no. We fell from 50%. ",LEGASOV,49130,49202
457,"00:34:12,176","00:34:14,549",- Fifty percent is worse! - The rules don't say 50! ,CHARKOV,49202,49250
458,"00:34:14,551","00:34:17,799","- There is no rule! - Comrade Dyatlov, ",LEGASOV,49250,49322
459,"00:34:17,801","00:34:19,924","I apologize, but what you're saying makes no sense. ",CHARKOV,49322,49370
460,"00:34:19,926","00:34:22,633",Raise the power. - No.,CHARKOV,49370,49442
461,"00:34:22,635","00:34:25,593",I won't do it. It isn't safe. ,LEGASOV,49442,49514
462,"00:34:34,426","00:34:37,382",Safety first. Always. ,CHARKOV,49730,49802
463,"00:34:37,384","00:34:40,466",I've been saying that for 25 years. ,LEGASOV,49802,49874
464,"00:34:40,468","00:34:42,591","That's how long I've done this job, 25 years. ",LEGASOV,49874,49922
465,"00:34:42,593","00:34:44,132","Is that longer than you, Akimov? ",CHARKOV,49922,49970
466,"00:34:44,134","00:34:45,182",Yes. ,LEGASOV,49970,49994
467,"00:34:45,185","00:34:47,299",#NAME?,CHARKOV,49994,50042
468,"00:34:47,301","00:34:50,426",And you with your mother's tit barely out of your mouth? ,CHARKOV,50042,50114
469,"00:34:52,551","00:34:54,799","So if I say it's safe, it's safe. ",CHARKOV,50161,50209
470,"00:34:54,801","00:34:56,215","And if the two of you disagree, ",LEGASOV,50209,50257
471,"00:34:56,217","00:34:58,215",then you don't have to work here and you won't. ,CHARKOV,50257,50305
472,"00:34:58,217","00:35:00,174",But not just here. You won't work at Kursk ,LEGASOV,50305,50353
473,"00:35:00,176","00:35:02,909",or Ignalina or Leningrad or Novo-Voronezh. ,JUDGE KADNIKOV,50353,50401
474,"00:35:02,912","00:35:06,299",You won't work anywhere ever again. I'll see to it. ,CHARKOV,50401,50497
475,"00:35:06,301","00:35:09,051",I think you know I will see to it. ,CHARKOV,50497,50569
476,"00:35:10,509","00:35:12,009",Raise the power. ,CHARKOV,50593,50641
477,"00:35:15,259","00:35:17,176",I would like you to record your command. ,LEGASOV,50713,50761
478,"00:35:18,343","00:35:19,676",Raise the power. ,CHARKOV,50785,50809
479,"00:35:35,259","00:35:36,635","Together, then. ",LEGASOV,51193,51217
480,"00:35:40,217","00:35:41,965",I wasn't even there. ,LEGASOV,51312,51336
481,"00:35:41,967","00:35:44,217",What? ,LEGASOV,51336,51408
482,"00:35:46,092","00:35:48,674",I wasn't in the room when they raised the power. ,LEGASOV,51456,51504
483,"00:35:48,676","00:35:50,716","If you weren't there, then where were you? ",CHARKOV,51504,51552
484,"00:35:50,718","00:35:53,864","Comrade Legasov, you are a witness, not a prosecutor. ",CHARKOV,51552,51624
485,"00:35:53,867","00:35:56,382",I will ask the questions here. ,CHARKOV,51624,51696
486,"00:35:56,384","00:35:59,551","If you weren't in the room, then where were you? ",CHARKOV,51696,51768
487,"00:36:01,760","00:36:03,132",The toilet. ,LEGASOV,51816,51864
488,"00:36:04,885","00:36:06,760",The toilet? ,LEGASOV,51888,51936
489,"00:36:07,718","00:36:09,591",Comrade Khomyuk interviewed everyone ,CHARKOV,51960,52008
490,"00:36:09,593","00:36:11,239",who was in the control room that night. ,LEGASOV,52008,52056
491,"00:36:11,242","00:36:13,092",They all told the same story. ,LEGASOV,52056,52104
492,"00:36:16,426","00:36:19,257","""I knew what Dyatlov ordered was wrong, ",LEGASOV,52176,52248
493,"00:36:19,259","00:36:22,215","but if I didn't do what he said, I would be fired."" ",LEGASOV,52248,52319
494,"00:36:22,217","00:36:24,259",Leonid Toptunov. ,LEGASOV,52319,52367
495,"00:36:25,384","00:36:27,924",One day before he died. ,LEGASOV,52391,52439
496,"00:36:27,926","00:36:29,924","No, Comrade Dyatlov, you were in the room. ",CHARKOV,52439,52487
497,"00:36:29,926","00:36:31,758",You ordered them to raise the power. ,JUDGE KADNIKOV,52487,52535
498,"00:36:31,760","00:36:34,382",This is a fact. ,LEGASOV,52535,52607
499,"00:36:43,051","00:36:44,799",Court is now in recess. ,CHARKOV,52823,52847
500,"00:36:44,801","00:36:46,382",Thirty minutes. ,LEGASOV,52847,52895
501,"00:37:29,509","00:37:32,635","Do you know anything about this town, Chernobyl? ",CHARKOV,53926,53998
502,"00:37:34,092","00:37:35,635","Not really, no. ",LEGASOV,54046,54070
503,"00:37:36,801","00:37:39,468",It was mostly Jews and Poles. ,LEGASOV,54094,54166
504,"00:37:40,801","00:37:42,674","The Jews were killed in pogroms, ",LEGASOV,54190,54238
505,"00:37:42,676","00:37:45,257",and Stalin forced the Poles out. ,CHARKOV,54238,54310
506,"00:37:45,259","00:37:48,841",And then the Nazis came and killed whoever was left. ,LEGASOV,54310,54382
507,"00:37:48,843","00:37:50,885",But after the war... ,LEGASOV,54382,54430
508,"00:37:52,134","00:37:54,343",people came to live here anyway. ,CHARKOV,54478,54525
509,"00:37:55,384","00:37:59,174","They knew the ground under their feet was soaked in blood, ",LEGASOV,54549,54645
510,"00:37:59,176","00:38:00,885",but they didn't care. ,LEGASOV,54645,54669
511,"00:38:02,217","00:38:05,424","Dead Jews, dead Poles. ",LEGASOV,54717,54789
512,"00:38:05,426","00:38:07,009",But not them. ,LEGASOV,54789,54837
513,"00:38:10,009","00:38:13,176",No one ever thinks it's going to happen to them. ,LEGASOV,54909,54981
514,"00:38:14,551","00:38:16,009",And here we are. ,LEGASOV,55005,55053
515,"00:38:25,551","00:38:27,674",How much time? ,LEGASOV,55269,55317
516,"00:38:27,676","00:38:29,132",Maybe a year. ,LEGASOV,55317,55365
517,"00:38:29,134","00:38:32,549",They call it a... ,LEGASOV,55365,55437
518,"00:38:32,551","00:38:34,841","They call it a ""long illness."" ",LEGASOV,55437,55485
519,"00:38:34,843","00:38:37,716",It doesn't seem very long to me. ,LEGASOV,55485,55557
520,"00:38:37,718","00:38:40,259","I know you told me, and I believed you. ",CHARKOV,55557,55628
521,"00:38:41,343","00:38:43,215","But time passed, and I thought, ",CHARKOV,55652,55700
522,"00:38:43,217","00:38:45,843",it wouldn't happen to me. ,LEGASOV,55700,55748
523,"00:38:46,760","00:38:48,799",I wasted it. ,LEGASOV,55772,55820
524,"00:38:48,801","00:38:51,593",I wasted it all for nothing. ,LEGASOV,55820,55892
525,"00:38:53,217","00:38:54,885",For nothing? ,LEGASOV,55940,55964
526,"00:38:55,760","00:38:58,799","Do you remember that morning when I first called you, ",LEGASOV,55988,56060
527,"00:38:58,801","00:39:00,543",how unconcerned I was? ,LEGASOV,56060,56108
528,"00:39:00,546","00:39:02,633","I don't believe much that comes out of the Kremlin, ",CHARKOV,56108,56156
529,"00:39:02,635","00:39:04,674",but when they told me they were putting me ,LEGASOV,56156,56204
530,"00:39:04,676","00:39:07,924",in charge of the cleanup ,CHARKOV,56204,56276
531,"00:39:07,926","00:39:10,885","and they said it wasn't serious, I believed them. ",CHARKOV,56276,56348
532,"00:39:12,468","00:39:14,217",You know why? ,CHARKOV,56396,56444
533,"00:39:15,259","00:39:17,591",Because they put you in charge. ,LEGASOV,56468,56516
534,"00:39:17,593","00:39:19,092",Yeah. ,LEGASOV,56516,56564
535,"00:39:22,051","00:39:25,215","I'm an inconsequential man, Valera. ",CHARKOV,56636,56707
536,"00:39:25,217","00:39:27,092",That's all I've ever been. ,LEGASOV,56707,56755
537,"00:39:28,259","00:39:31,384","I hoped that one day I would matter, but I didn't. ",LEGASOV,56779,56851
538,"00:39:33,301","00:39:36,635",I just stood next to people who did. ,LEGASOV,56899,56971
539,"00:39:38,718","00:39:41,174",There are other scientists like me. ,CHARKOV,57019,57091
540,"00:39:41,176","00:39:43,758",Any one of them could have done what I did. ,CHARKOV,57091,57139
541,"00:39:43,760","00:39:45,092",But you... ,CHARKOV,57139,57187
542,"00:39:46,009","00:39:49,926","Everything we asked for, everything we needed. ",CHARKOV,57211,57283
543,"00:39:51,343","00:39:55,134","Men, material, lunar rovers. ",CHARKOV,57331,57427
544,"00:39:57,468","00:39:59,635",Who else could have done these things? ,CHARKOV,57475,57523
545,"00:40:01,718","00:40:05,132","They heard me, but they listened to you. ",CHARKOV,57571,57667
546,"00:40:05,134","00:40:09,174",Of all the ministers and all the deputies... ,LEGASOV,57667,57763
547,"00:40:09,176","00:40:13,799",entire congregation of obedient fools... ,CHARKOV,57763,57858
548,"00:40:13,801","00:40:17,924",they mistakenly sent the one good man. ,CHARKOV,57858,57954
549,"00:40:17,926","00:40:20,007","For god's sake, Boris, ",CHARKOV,57954,58026
550,"00:40:20,009","00:40:23,468",you were the one who mattered most. ,CHARKOV,58026,58098
551,"00:40:46,509","00:40:48,343","Ah, it's beautiful. ",LEGASOV,58650,58698
552,"00:41:30,009","00:41:32,217",Comrade Legasov. ,LEGASOV,59705,59753
553,"00:41:44,551","00:41:47,633",The time is 38 past midnight. ,LEGASOV,60040,60112
554,"00:41:47,635","00:41:49,716",The reactor is nearly shut down. ,LEGASOV,60112,60160
555,"00:41:49,718","00:41:52,424",The operators of Reactor 4 are locked on a path ,LEGASOV,60160,60232
556,"00:41:52,426","00:41:54,466",that leads directly to disaster. ,LEGASOV,60232,60280
557,"00:41:54,468","00:41:56,758",There's no way to turn back. ,LEGASOV,60280,60328
558,"00:41:56,760","00:41:59,507","They do not yet know it, but the die is cast. ",LEGASOV,60328,60400
559,"00:41:59,509","00:42:03,841","At 30 megawatts, xenon is still being created, ",LEGASOV,60400,60496
560,"00:42:03,843","00:42:06,092",but none of it is burning away. ,CHARKOV,60496,60568
561,"00:42:07,801","00:42:10,091",The reactor is drowning in poison. ,LEGASOV,60592,60664
562,"00:42:10,094","00:42:14,257","To make matters worse, the reactor isn't hot enough ",LEGASOV,60664,60760
563,"00:42:14,259","00:42:17,051",to produce sufficient steam. ,CHARKOV,60760,60832
564,"00:42:18,676","00:42:21,591",The only way to safely raise power from this state ,JUDGE KADNIKOV,60856,60928
565,"00:42:21,593","00:42:23,965","is to do it very, very slowly ",LEGASOV,60928,60976
566,"00:42:23,967","00:42:26,841",over the course of 24 hours. ,LEGASOV,60976,61047
567,"00:42:26,843","00:42:29,466",But Dyatlov wants it done now. ,LEGASOV,61047,61119
568,"00:42:29,468","00:42:33,965",Akimov and Toptunov have only one course of action. ,LEGASOV,61119,61215
569,"00:42:33,967","00:42:36,799",They begin pulling control rods out. ,LEGASOV,61215,61287
570,"00:42:36,801","00:42:38,007",Dozens at a time. ,LEGASOV,61287,61335
571,"00:42:38,009","00:42:41,132","Halfway out, three-quarters of the way out, ",CHARKOV,61335,61407
572,"00:42:41,134","00:42:43,965","still, the power does not budge. ",LEGASOV,61407,61455
573,"00:42:43,967","00:42:46,758",So they begin pulling them all the way out. ,LEGASOV,61455,61527
574,"00:42:46,760","00:42:50,633",There were 211 control rods in Reactor 4. ,LEGASOV,61527,61623
575,"00:42:50,635","00:42:55,341",Akimov and Toptunov completely withdrew 205. ,CHARKOV,61623,61743
576,"00:42:55,343","00:43:00,090",Remember... control rods are the brakes on this car. ,LEGASOV,61743,61863
577,"00:43:00,092","00:43:06,843","Of 211 rods, only six now remain in the reactor. ",LEGASOV,61863,62007
578,"00:43:08,259","00:43:10,965","As for the fuel, it's gone cold, ",LEGASOV,62055,62103
579,"00:43:10,967","00:43:13,132",so the negative temperature coefficient ,LEGASOV,62103,62174
580,"00:43:13,134","00:43:15,674",is no longer weighing down the reactivity. ,LEGASOV,62174,62222
581,"00:43:15,676","00:43:19,674","But even still, the xenon poisoning is so strong, ",LEGASOV,62222,62318
582,"00:43:19,676","00:43:23,924",the best they can do is raise the power to 200 megawatts. ,JUDGE KADNIKOV,62318,62414
583,"00:43:23,926","00:43:26,965",The control rods are out. ,LEGASOV,62414,62486
584,"00:43:26,967","00:43:29,507",The emergency system has been disconnected. ,CHARKOV,62486,62558
585,"00:43:29,509","00:43:31,841",The only thing keeping the reactor in check ,LEGASOV,62558,62606
586,"00:43:31,843","00:43:34,382",is water and xenon. ,LEGASOV,62606,62678
587,"00:43:34,384","00:43:38,635",It's one in the morning. The test is minutes away. ,LEGASOV,62678,62774
588,"00:44:12,926","00:44:15,466","I'm sorry, this is all we can get. ",LEGASOV,63589,63661
589,"00:44:15,468","00:44:18,507",It's 200 megawatts. We've pulled almost everything out. ,CHARKOV,63661,63733
590,"00:44:18,509","00:44:20,383","If that's all we have, that's all we have. ",LEGASOV,63733,63781
591,"00:44:20,386","00:44:24,049","- But the test requires 700. - Stolyarchuk, let's get ready. ",JUDGE KADNIKOV,63781,63877
592,"00:44:24,051","00:44:25,716","- Switch on pump 4. - No, wait a second. ",LEGASOV,63877,63901
593,"00:44:25,718","00:44:27,591",Stolyarchuk... - we have barely enough steam as it is.,CHARKOV,63901,63949
594,"00:44:27,593","00:44:30,215",The turbine is going too slow for the test to deliver any valid results. ,LEGASOV,63949,64021
595,"00:44:30,217","00:44:31,837","- It's enough. - And if we add more water, ",CHARKOV,64021,64045
596,"00:44:31,839","00:44:33,505",- there will be even less... - I said it's enough. ,CHARKOV,64045,64093
597,"00:44:33,507","00:44:35,676",I know what I'm doing. Stolyarchuk. ,LEGASOV,64093,64141
598,"00:44:41,217","00:44:42,841","Main Pump 4, connected. ",CHARKOV,64285,64308
599,"00:44:42,843","00:44:44,716",We should warn Khodemchuk. The pipes are gonna be... ,LEGASOV,64308,64356
600,"00:44:44,718","00:44:46,426",Never mind him. Kirschenbaum? ,CHARKOV,64356,64404
601,"00:44:49,426","00:44:52,401",The steam in the separator drum is too low... five atmospheres. ,CHARKOV,64476,64548
602,"00:44:52,404","00:44:55,174","All right, let's all help him. Get it up as best you can. ",LEGASOV,64548,64620
603,"00:44:59,134","00:45:01,090",We should stop. ,LEGASOV,64716,64764
604,"00:45:01,092","00:45:02,841",Turn that fucking thing off. ,LEGASOV,64764,64788
605,"00:45:02,843","00:45:05,760",You have 15 minutes. ,CHARKOV,64788,64860
606,"00:45:07,593","00:45:09,799",Fifteen minutes. ,CHARKOV,64908,64956
607,"00:45:09,801","00:45:12,549",They may as well have had 15 days. ,LEGASOV,64956,65028
608,"00:45:12,551","00:45:15,466",The problem they were facing was not solvable. ,CHARKOV,65028,65100
609,"00:45:15,468","00:45:18,257","The power was too low, the water was too high. ",CHARKOV,65100,65172
610,"00:45:18,259","00:45:19,924",The test was already ruined. ,LEGASOV,65172,65196
611,"00:45:19,926","00:45:21,633","The results would have been useless, ",LEGASOV,65196,65244
612,"00:45:21,635","00:45:23,215",but Dyatlov didn't care. ,LEGASOV,65244,65292
613,"00:45:23,217","00:45:26,593",All he wanted to do was report a completed test. ,CHARKOV,65292,65364
614,"00:45:27,509","00:45:29,633",1:22 a.m. ,LEGASOV,65388,65435
615,"00:45:29,635","00:45:32,674",Less than two minutes remain. ,CHARKOV,65435,65507
616,"00:45:32,676","00:45:38,176","Yuvchenko, a mechanical engineer, is in his office. ",CHARKOV,65507,65651
617,"00:45:41,509","00:45:43,965","Perevozchenko, reactor section foreman, ",LEGASOV,65723,65771
618,"00:45:43,967","00:45:45,674","is in the refueling hall, ",LEGASOV,65771,65819
619,"00:45:45,676","00:45:50,382","high above the 1,000-ton steel reactor cover. ",LEGASOV,65819,65939
620,"00:45:50,384","00:45:53,758","Degtaryenko and Khodemchuk, ",CHARKOV,65939,66011
621,"00:45:53,760","00:45:56,843","circulation operators, are in the pump room. ",CHARKOV,66011,66083
622,"00:45:58,966","00:46:00,685",None of them have been told ,CHARKOV,66131,66179
623,"00:46:00,688","00:46:02,174",about the test. ,LEGASOV,66179,66227
624,"00:46:02,176","00:46:04,215",None of them know what is about to happen. ,LEGASOV,66227,66275
625,"00:46:04,217","00:46:08,591","At 1:22 and 30 seconds, ",LEGASOV,66275,66371
626,"00:46:08,593","00:46:10,716",Toptunov sees a report ,LEGASOV,66371,66419
627,"00:46:10,718","00:46:14,758",from the reactor's SKALA computer system. ,LEGASOV,66419,66514
628,"00:46:14,760","00:46:18,132","Based on the absence of sufficient control rods, ",CHARKOV,66514,66610
629,"00:46:18,134","00:46:21,676",the computer is recommending that the reactor be shut down. ,LEGASOV,66610,66682
630,"00:46:26,885","00:46:28,633","Well, of course it's saying that. ",LEGASOV,66802,66850
631,"00:46:28,635","00:46:30,635",It doesn't know we're running a test. ,LEGASOV,66850,66898
632,"00:46:32,009","00:46:33,301","All right, comrades. ",LEGASOV,66946,66970
633,"00:46:34,843","00:46:37,507","Another few minutes, it will all be over. ",CHARKOV,66994,67066
634,"00:46:37,509","00:46:39,051","Kirschenbaum, when you're ready. ",CHARKOV,67066,67114
635,"00:46:40,217","00:46:41,635",We did everything right. ,CHARKOV,67138,67162
636,"00:46:43,801","00:46:46,176",Oscillograph on. ,LEGASOV,67210,67282
637,"00:46:47,426","00:46:50,049",Closing Number 8 throttle valve. ,LEGASOV,67306,67378
638,"00:46:50,051","00:46:52,086",Generator rotor beginning rundown. ,LEGASOV,67378,67426
639,"00:46:52,089","00:46:55,716",1:23 and four seconds. ,LEGASOV,67426,67498
640,"00:46:55,718","00:46:57,132","With every decision, ",LEGASOV,67498,67546
641,"00:46:57,134","00:46:59,633","they have pulled this reactor back like a slingshot, ",LEGASOV,67546,67593
642,"00:46:59,635","00:47:01,965","further than anyone has ever pulled, ",CHARKOV,67593,67641
643,"00:47:01,967","00:47:04,382",now the test begins. ,CHARKOV,67641,67713
644,"00:47:04,384","00:47:08,051","The pumps are shut down, and they've let go. ",LEGASOV,67713,67809
645,"00:47:10,509","00:47:13,841",The pumps stop moving water through the reactor. ,LEGASOV,67857,67929
646,"00:47:13,843","00:47:17,090","Uranium fuel is now unchecked by fresh coolant, ",CHARKOV,67929,68025
647,"00:47:17,092","00:47:19,007",unchecked by control rods. ,CHARKOV,68025,68073
648,"00:47:19,009","00:47:22,215",The balance immediately swings in the opposite direction. ,CHARKOV,68073,68145
649,"00:47:22,217","00:47:23,716","In less than a second, ",CHARKOV,68145,68169
650,"00:47:23,718","00:47:25,551",reactivity increases. ,LEGASOV,68169,68217
651,"00:47:26,760","00:47:28,090","Inside the core, ",CHARKOV,68241,68289
652,"00:47:28,092","00:47:30,633",the remaining water is quickly converting to steam. ,LEGASOV,68289,68337
653,"00:47:30,635","00:47:32,799",A void is being created. ,CHARKOV,68337,68385
654,"00:47:32,801","00:47:35,507",There is no fresh water to replace it. ,LEGASOV,68385,68457
655,"00:47:35,509","00:47:38,507","Steam increases reactivity, ",LEGASOV,68457,68529
656,"00:47:38,509","00:47:41,924","increases heat, increases steam, ",LEGASOV,68529,68601
657,"00:47:41,926","00:47:44,758",increases reactivity. ,LEGASOV,68601,68672
658,"00:47:44,760","00:47:48,051",The remaining xenon decays away. ,CHARKOV,68672,68768
659,"00:47:49,384","00:47:51,468",The power is rising. ,CHARKOV,68792,68840
660,"00:47:53,051","00:47:54,965",There's nothing left to stop it. ,LEGASOV,68888,68912
661,"00:47:54,967","00:47:59,551",1:23 and 35 seconds. ,LEGASOV,68912,69032
662,"00:48:02,760","00:48:05,092",We have a power surge! Sasha! ,CHARKOV,69104,69176
663,"00:48:10,343","00:48:11,549",What did you do?! ,LEGASOV,69296,69320
664,"00:48:11,551","00:48:16,301",1:23 and 40 seconds. ,LEGASOV,69320,69440
665,"00:48:23,301","00:48:25,924","In every control room of every nuclear reactor in the world, ",CHARKOV,69608,69656
666,"00:48:25,926","00:48:29,174",there is a button with one single purpose... ,CHARKOV,69656,69752
667,"00:48:29,176","00:48:32,633","to ""scram,"" or instantly shut down, the reaction. ",LEGASOV,69752,69823
668,"00:48:32,635","00:48:36,257","In Soviet reactors, that button is called AZ-5. ",LEGASOV,69823,69919
669,"00:48:36,259","00:48:41,299","You press AZ-5, all of the control rods insert at once, ",LEGASOV,69919,70039
670,"00:48:41,301","00:48:45,466",and the reaction is stopped dead. ,CHARKOV,70039,70135
671,"00:48:45,468","00:48:47,301",But... ,LEGASOV,70135,70183
672,"00:48:53,176","00:48:57,057","What are you waiting for, Legasov? Tell your lies. ",JUDGE KADNIKOV,70327,70423
673,"00:48:57,060","00:48:59,433","Comrade Dyatlov, you will not be warned again. ",CHARKOV,70423,70471
674,"00:48:59,436","00:49:01,633","- Or what? - For god's sake, Dyatlov. ",JUDGE KADNIKOV,70471,70519
675,"00:49:01,635","00:49:03,591",Legasov's already given it away. ,CHARKOV,70519,70567
676,"00:49:03,593","00:49:06,800","He said before, there was no way to avoid what was coming. ",LEGASOV,70567,70639
677,"00:49:06,803","00:49:09,799",he knows something. She knows something. - Comrade Dyatlov.,LEGASOV,70639,70711
678,"00:49:09,801","00:49:13,507","I know what you are, Valery Alexeyevich. ",CHARKOV,70711,70807
679,"00:49:13,509","00:49:16,549",- You're a liar. - We've heard enough for today. ,CHARKOV,70807,70878
680,"00:49:16,551","00:49:20,507",The defendants will be remanded in custody. ,CHARKOV,70878,70974
681,"00:49:20,509","00:49:23,591",- Court will... - I... I haven't finished. ,CHARKOV,70974,71046
682,"00:49:23,593","00:49:25,716",I still have more evidence to give. ,LEGASOV,71046,71094
683,"00:49:25,718","00:49:29,174",It's not necessary. Your testimony is concluded. ,CHARKOV,71094,71190
684,"00:49:29,176","00:49:32,288",your Honor. - Court Is now adjourned.,CHARKOV,71190,71262
685,"00:49:32,291","00:49:34,799",we will resume tomorrow with... - Let him finish.,CHARKOV,71262,71310
686,"00:49:37,384","00:49:39,384",Comrade Shcherbina... ,CHARKOV,71382,71430
687,"00:49:41,551","00:49:43,885",Let him finish. ,CHARKOV,71478,71526
688,"00:50:07,760","00:50:10,257",Dyatlov broke every rule we have. ,LEGASOV,72101,72173
689,"00:50:14,009","00:50:17,426",He pushed a reactor to the brink of destruction. ,LEGASOV,72269,72341
690,"00:50:21,593","00:50:24,299",He did these things believing there was a failsafe. ,CHARKOV,72437,72509
691,"00:50:24,301","00:50:27,633","AZ-5, a simple button to shut it all down. ",LEGASOV,72509,72581
692,"00:50:27,635","00:50:32,299","But in the circumstances he created, there wasn't. ",CHARKOV,72581,72701
693,"00:50:32,301","00:50:35,760",The shutdown system had a fatal flaw. ,JUDGE KADNIKOV,72701,72773
694,"00:50:37,760","00:50:43,259","At 1:23:40, Akimov engages AZ-5. ",LEGASOV,72821,72965
695,"00:50:50,718","00:50:52,549",The fully-withdrawn control rods ,LEGASOV,73132,73180
696,"00:50:52,551","00:50:54,758",begin moving back into the reactor. ,LEGASOV,73180,73228
697,"00:50:54,760","00:50:57,716","These rods are made of boron, which reduces reactivity, ",LEGASOV,73228,73300
698,"00:50:57,718","00:50:59,466",but not their tips. ,LEGASOV,73300,73348
699,"00:50:59,468","00:51:04,507","The tips are made of graphite, which accelerates reactivity. ",LEGASOV,73348,73468
700,"00:51:04,509","00:51:06,301",Why? ,LEGASOV,73468,73516
701,"00:51:10,176","00:51:12,134",Why? ,LEGASOV,73612,73660
702,"00:51:13,509","00:51:16,090",For the same reason our reactors ,LEGASOV,73684,73756
703,"00:51:16,092","00:51:19,257","do not have containment buildings around them, ",CHARKOV,73756,73828
704,"00:51:19,259","00:51:20,382",like those in the West. ,CHARKOV,73828,73852
705,"00:51:20,384","00:51:22,799",For the same reason we don't use ,LEGASOV,73852,73900
706,"00:51:22,801","00:51:25,424",properly enriched fuel in our cores. ,LEGASOV,73900,73972
707,"00:51:25,426","00:51:27,799",For the same reason we are the only nation ,LEGASOV,73972,74020
708,"00:51:27,801","00:51:32,174","that builds water-cooled, graphite-moderated reactors ",LEGASOV,74020,74139
709,"00:51:32,176","00:51:35,301",with a positive void coefficient. ,CHARKOV,74139,74211
710,"00:51:36,676","00:51:37,841",It's cheaper. ,LEGASOV,74235,74259
711,"00:51:44,134","00:51:47,049",The first part of the rods that enter the core ,LEGASOV,74427,74499
712,"00:51:47,051","00:51:48,382",are the graphite tips. ,CHARKOV,74499,74523
713,"00:51:48,384","00:51:50,841","And when they do, the reaction in the core, ",LEGASOV,74523,74571
714,"00:51:50,843","00:51:53,591","which had been rising, skyrockets. ",CHARKOV,74571,74643
715,"00:51:53,593","00:51:57,090",Every last molecule of liquid water ,LEGASOV,74643,74739
716,"00:51:57,092","00:51:58,799","instantly converts to steam, ",CHARKOV,74739,74763
717,"00:51:58,801","00:52:02,174",which expands and ruptures a series of fuel rod channels. ,LEGASOV,74763,74859
718,"00:52:02,176","00:52:06,382",The control rods in those channels can move no further. ,LEGASOV,74859,74955
719,"00:52:06,384","00:52:09,007","The graphite tips are fixed in position, ",CHARKOV,74955,75027
720,"00:52:09,009","00:52:11,883",endlessly accelerating the reaction. ,LEGASOV,75027,75075
721,"00:52:11,885","00:52:15,965",Chernobyl Reactor 4 is now a nuclear bomb. ,CHARKOV,75075,75171
722,"00:52:15,967","00:52:18,591",1:23:42,LEGASOV,75171,75242
723,"00:52:18,593","00:52:20,424",Perevozchenko looks down ,CHARKOV,75242,75290
724,"00:52:20,426","00:52:23,049",on the enormous steel lid of the reactor... ,LEGASOV,75290,75362
725,"00:52:23,051","00:52:25,049",...and sees the impossible. ,LEGASOV,75362,75410
726,"00:52:25,051","00:52:27,007","The control rod and fuel channel caps, ",LEGASOV,75410,75458
727,"00:52:27,009","00:52:29,174","which each weigh 350 kilograms, ",LEGASOV,75458,75506
728,"00:52:29,176","00:52:30,841",are jumping up and down. ,CHARKOV,75506,75530
729,"00:52:30,843","00:52:33,507",He runs to warn the control room. ,LEGASOV,75530,75602
730,"00:52:33,509","00:52:37,049",But there's nothing he can do to stop what is coming. ,LEGASOV,75602,75698
731,"00:52:37,051","00:52:39,803",1:23 and 44 seconds. ,LEGASOV,75698,75746
732,"00:52:39,806","00:52:43,716",The steam blows more fuel channels apart. ,CHARKOV,75746,75842
733,"00:52:43,718","00:52:45,883",We do not know how high the power went. ,LEGASOV,75842,75890
734,"00:52:45,885","00:52:48,176",We only know the final reading. ,JUDGE KADNIKOV,75890,75962
735,"00:52:49,760","00:52:51,092","Reactor 4, ",LEGASOV,75986,76034
736,"00:52:51,095","00:52:55,049","designed to operate at 3200 megawatts, ",JUDGE KADNIKOV,76034,76130
737,"00:52:55,051","00:52:58,718","went beyond 33,000. ",LEGASOV,76130,76202
738,"00:53:03,217","00:53:07,090",The pressure inside the core can no longer be held back. ,CHARKOV,76321,76417
739,"00:53:07,092","00:53:14,883","At long last, we have arrived. 1:23:45, explosion. ",LEGASOV,76417,76585
740,"00:53:14,885","00:53:19,279","In the instant the lid is thrown off the reactor, oxygen rushes in. ",LEGASOV,76585,76705
741,"00:53:19,282","00:53:23,502",It combines with hydrogen and super-heated graphite. ,LEGASOV,76705,76801
742,"00:53:25,343","00:53:28,426",The chain of disaster is now complete. ,CHARKOV,76849,76921
743,"00:53:50,384","00:53:52,509",Comrade Dyatlov! ,LEGASOV,77448,77496
744,"00:53:57,293","00:53:59,126",Comrade Dyatlov! ,LEGASOV,77616,77664
745,"00:54:09,801","00:54:12,799",No one in the room that night knew ,LEGASOV,77904,77976
746,"00:54:12,801","00:54:16,259",the shutdown button could act as a detonator. ,LEGASOV,77976,78072
747,"00:54:17,801","00:54:19,633","They didn't know it, ",LEGASOV,78096,78144
748,"00:54:19,635","00:54:22,633",because it was kept from them. ,LEGASOV,78144,78216
749,"00:54:22,635","00:54:25,174","Comrade Legasov, you're contradicting ",CHARKOV,78216,78288
750,"00:54:25,176","00:54:27,591",your own testimony in Vienna. ,CHARKOV,78288,78336
751,"00:54:27,593","00:54:30,382",My testimony in Vienna was a lie. ,CHARKOV,78336,78408
752,"00:54:30,384","00:54:34,466",I lied to the world. ,CHARKOV,78408,78503
753,"00:54:34,468","00:54:36,883",I'm not the only one who kept this secret. ,LEGASOV,78503,78551
754,"00:54:36,885","00:54:39,174",There are many. ,LEGASOV,78551,78623
755,"00:54:39,176","00:54:41,699","We were following orders, ",LEGASOV,78623,78671
756,"00:54:41,702","00:54:43,632","from the KGB, from the Central Committee. ",CHARKOV,78671,78719
757,"00:54:43,635","00:54:46,382","And right now, there are 16 reactors in the Soviet Union ",LEGASOV,78719,78791
758,"00:54:46,384","00:54:48,924",with the same fatal flaw. ,JUDGE KADNIKOV,78791,78839
759,"00:54:48,926","00:54:50,746",Three of them are still running ,CHARKOV,78839,78887
760,"00:54:50,749","00:54:53,376",less than 20 kilometers away at Chernobyl. ,CHARKOV,78887,78959
761,"00:54:53,379","00:54:57,341","Professor Legasov, if you mean to suggest the Soviet State ",JUDGE KADNIKOV,78959,79055
762,"00:54:57,343","00:54:59,174","is somehow responsible for what happened, ",JUDGE KADNIKOV,79055,79103
763,"00:54:59,176","00:55:02,321","then I must warn you, you are treading on dangerous ground. ",JUDGE KADNIKOV,79103,79175
764,"00:55:02,324","00:55:04,424",I've already trod on dangerous ground. ,LEGASOV,79175,79223
765,"00:55:04,426","00:55:06,549","We're on dangerous ground right now, ",LEGASOV,79223,79271
766,"00:55:06,551","00:55:09,382",because of our secrets and our lies. ,LEGASOV,79271,79343
767,"00:55:09,384","00:55:12,549",They're practically what define us. ,LEGASOV,79343,79415
768,"00:55:12,551","00:55:15,758","When the truth offends, we lie and lie ",LEGASOV,79415,79487
769,"00:55:15,760","00:55:18,215",until we can no longer remember it is even there. ,LEGASOV,79487,79559
770,"00:55:18,217","00:55:21,217",But it is still there. ,LEGASOV,79559,79630
771,"00:55:23,384","00:55:27,718",Every lie we tell incurs a debt to the truth. ,LEGASOV,79678,79774
772,"00:55:29,843","00:55:32,718","Sooner or later, that debt is paid. ",LEGASOV,79822,79894
773,"00:55:36,885","00:55:42,426",That is how an RBMK reactor core explodes. ,LEGASOV,79990,80134
774,"00:55:46,092","00:55:47,635",Lies. ,LEGASOV,80230,80254
775,"00:57:51,593","00:57:54,716","Valery Alexeyevich Legasov, ",CHARKOV,83227,83299
776,"00:57:54,718","00:57:57,841","son of Alexei Legasov, ",CHARKOV,83299,83371
777,"00:57:57,843","00:58:01,382","Head of Ideological Compliance, Central Committee. ",CHARKOV,83371,83467
778,"00:58:01,384","00:58:03,466",Do you know what your father did there? ,CHARKOV,83467,83515
779,"00:58:03,468","00:58:05,007",Yes. ,LEGASOV,83515,83563
780,"00:58:05,009","00:58:09,049","As a student, you had a leadership position in Komsomol. ",CHARKOV,83563,83659
781,"00:58:09,051","00:58:11,384","Communist Youth, correct? ",CHARKOV,83659,83707
782,"00:58:12,384","00:58:14,883",you already know. - Answer the D767.,CHARKOV,83731,83779
783,"00:58:14,885","00:58:16,051",Yes. ,LEGASOV,83779,83827
784,"00:58:17,843","00:58:20,049","At the Kuchartov Institute, ",CHARKOV,83851,83923
785,"00:58:20,051","00:58:22,758",you were the Communist Party secretary. ,CHARKOV,83923,83970
786,"00:58:22,760","00:58:24,257","In the position, you limited ",CHARKOV,83970,84018
787,"00:58:24,259","00:58:27,176",the promotion of Jewish scientists. ,CHARKOV,84018,84090
788,"00:58:31,635","00:58:33,090",Yes. ,LEGASOV,84186,84234
789,"00:58:33,092","00:58:36,760",To curry favor with Kremlin officials. ,CHARKOV,84234,84306
790,"00:58:41,426","00:58:43,718","You're one of us, Legasov. ",CHARKOV,84426,84474
791,"00:58:45,134","00:58:47,551",I can do anything I want with you. ,CHARKOV,84522,84570
792,"00:58:48,760","00:58:52,924",But what I want most is for you to know that I know. ,CHARKOV,84594,84690
793,"00:58:52,926","00:58:55,382",You're not brave. ,CHARKOV,84690,84762
794,"00:58:55,384","00:58:57,593",You're not heroic. ,CHARKOV,84762,84810
795,"00:58:59,092","00:59:02,424",You're just a dying man who forgot himself. ,CHARKOV,84858,84930
796,"00:59:02,426","00:59:06,134","I know who I am, and I know what I've done. ",LEGASOV,84930,85025
797,"00:59:08,718","00:59:11,174","In a just world, I'd be shot for my lies, ",LEGASOV,85073,85145
798,"00:59:11,176","00:59:14,424","but not for this, not for the truth. ",LEGASOV,85145,85217
799,"00:59:14,426","00:59:16,633",Scientists... ,CHARKOV,85217,85265
800,"00:59:16,635","00:59:20,466",and your idiot obsessions with reasons. ,CHARKOV,85265,85361
801,"00:59:20,468","00:59:22,799","When the bullet hits your skull, ",CHARKOV,85361,85409
802,"00:59:22,801","00:59:25,343",what will it matter why? ,CHARKOV,85409,85481
803,"00:59:32,593","00:59:35,134","No one's getting shot, Legasov. ",CHARKOV,85649,85721
804,"00:59:36,635","00:59:39,049",The whole world saw you in Vienna. ,CHARKOV,85745,85817
805,"00:59:39,051","00:59:41,299",It would be embarrassing to kill you now. ,CHARKOV,85817,85865
806,"00:59:41,301","00:59:42,841",And for what? ,CHARKOV,85865,85889
807,"00:59:42,843","00:59:46,716",Your testimony today will not be accepted by the State. ,CHARKOV,85889,85985
808,"00:59:46,718","00:59:49,841",It will not be disseminated in the press. ,CHARKOV,85985,86057
809,"00:59:49,843","00:59:51,801",It never happened. ,CHARKOV,86057,86104
810,"00:59:53,092","00:59:56,132","No, you will live, ",CHARKOV,86152,86224
811,"00:59:56,134","00:59:58,007","however long you have, ",CHARKOV,86224,86272
812,"00:59:58,009","01:00:01,799","but not as a scientist, not anymore. ",CHARKOV,86272,86344
813,"01:00:01,801","01:00:06,424","You'll keep your title and your office, ",CHARKOV,86344,86464
814,"01:00:06,426","01:00:11,424","but no duties, no authority, no friends. ",CHARKOV,86464,86584
815,"01:00:11,426","01:00:13,591",No one will talk to you. ,CHARKOV,86584,86632
816,"01:00:13,593","01:00:15,509",No one will listen to you. ,CHARKOV,86632,86680
817,"01:00:17,468","01:00:21,841","Other men, lesser men, ",CHARKOV,86728,86824
818,"01:00:21,843","01:00:25,591",will receive credit for the things you have done. ,CHARKOV,86824,86920
819,"01:00:25,593","01:00:27,965",Your legacy is now their legacy. ,CHARKOV,86920,86968
820,"01:00:27,967","01:00:30,718",You'll live long enough to see that. ,CHARKOV,86968,87040
821,"01:00:34,134","01:00:36,633",What role did Shcherbina play in this? ,CHARKOV,87136,87184
822,"01:00:36,635","01:00:37,841",None. ,LEGASOV,87184,87207
823,"01:00:37,843","01:00:40,384",He didn't know what I was gonna say. ,LEGASOV,87207,87279
824,"01:00:41,676","01:00:44,841",What role did Khomyuk play in this? ,CHARKOV,87303,87375
825,"01:00:44,843","01:00:46,382",None. ,LEGASOV,87375,87423
826,"01:00:46,384","01:00:48,885",She didn't know either. ,LEGASOV,87423,87471
827,"01:00:50,259","01:00:52,716","After all you've said and done today, ",CHARKOV,87519,87567
828,"01:00:52,718","01:00:58,676",it would be curious if you chose this moment to lie. ,CHARKOV,87567,87711
829,"01:01:01,593","01:01:03,549",I would think a man of your experience ,LEGASOV,87783,87831
830,"01:01:03,551","01:01:05,885",would know a lie when he hears one. ,LEGASOV,87831,87879
831,"01:01:10,051","01:01:11,424",You will not meet or communicate ,CHARKOV,87999,88023
832,"01:01:11,426","01:01:13,674",with either one of them ever again. ,CHARKOV,88023,88071
833,"01:01:13,676","01:01:16,257",You will not communicate with anyone ,CHARKOV,88071,88143
834,"01:01:16,259","01:01:18,384",about Chernobyl ever again. ,CHARKOV,88143,88191
835,"01:01:19,426","01:01:21,924",You will remain so immaterial to the world around you ,CHARKOV,88215,88263
836,"01:01:21,926","01:01:23,799","that when you finally do die, ",CHARKOV,88263,88310
837,"01:01:23,801","01:01:28,092",it will be exceedingly hard to know that you ever lived at all. ,CHARKOV,88310,88430
838,"01:01:32,426","01:01:34,259",What if I refuse? ,LEGASOV,88526,88574
839,"01:01:37,426","01:01:40,591",Why worry about something that isn't going to happen? ,LEGASOV,88646,88718
840,"01:01:41,926","01:01:46,007","""Why worry about something that isn't going to happen?"" ",LEGASOV,88742,88862
841,"01:01:46,009","01:01:48,341","Oh, that's perfect. ",LEGASOV,88862,88910
842,"01:01:48,343","01:01:51,426",They should put that on our money. ,LEGASOV,88910,88982
843,"01:03:00,509","01:03:04,674",To be a scientist is to be naive. ,CHARKOV,90636,90732
844,"01:03:04,676","01:03:07,094","We are so focused on our search for truth, ",LEGASOV,90732,90804
845,"01:03:07,097","01:03:11,716",we fail to consider how few actually want us to find it. ,LEGASOV,90804,90900
846,"01:03:11,718","01:03:16,174","But it is always there, whether we see it or not, ",LEGASOV,90900,91020
847,"01:03:16,176","01:03:18,090",whether we choose to or not. ,LEGASOV,91020,91068
848,"01:03:18,092","01:03:20,924",The truth doesn't care about our needs or wants. ,LEGASOV,91068,91116
849,"01:03:20,926","01:03:22,716","It doesn't care about our governments, ",CHARKOV,91116,91164
850,"01:03:22,718","01:03:26,507","our ideologies, our religions. ",CHARKOV,91164,91260
851,"01:03:26,509","01:03:30,215",It will lie in wait for all time. ,CHARKOV,91260,91356
852,"01:03:30,217","01:03:34,215","And this, at last, is the gift of Chernobyl. ",CHARKOV,91356,91452
853,"01:03:34,217","01:03:36,924","Where I once would fear the cost of truth, ",LEGASOV,91452,91500
854,"01:03:36,926","01:03:39,543",now I only ask: ,LEGASOV,91500,91571
855,"01:03:40,624","01:03:43,386",What is the cost of lies? ,LEGASOV,91595,91667
856,"01:03:48,558","01:03:58,209",_ ,LEGASOV,91787,92027
857,"01:03:59,794","01:04:04,840",_ ,LEGASOV,92051,92171
858,"01:04:04,841","01:04:11,181",_ ,LEGASOV,92171,92339
859,"01:04:12,301","01:04:20,315",_ ,LEGASOV,92363,92555
860,"01:04:21,149","01:04:29,199",_ ,LEGASOV,92579,92770
861,"01:04:31,168","01:04:38,754",_ ,LEGASOV,92818,92986
862,"01:04:40,210","01:04:47,509",_ ,LEGASOV,93034,93202
863,"01:04:48,926","01:04:57,347",_ ,LEGASOV,93226,93442
864,"01:04:59,777","01:05:05,192",_ ,LEGASOV,93490,93634
865,"01:05:05,193","01:05:12,992",_ ,LEGASOV,93634,93801
866,"01:05:14,411","01:05:24,629",_ ,LEGASOV,93849,94089
867,"01:05:26,152","01:05:30,092",_ ,LEGASOV,94137,94233
868,"01:05:30,093","01:05:36,715",_ ,LEGASOV,94233,94377
869,"01:05:38,105","01:05:47,949",_ ,LEGASOV,94425,94641
870,"01:05:49,543","01:05:58,663",_ ,LEGASOV,94689,94904
871,"01:06:00,152","01:06:04,042",_ ,LEGASOV,94952,95048
872,"01:06:04,043","01:06:11,371",_ ,LEGASOV,95048,95216
873,"01:06:14,324","01:06:28,693",_ ,LEGASOV,95288,95624
874,"01:06:30,653","01:06:34,031",_ ,LEGASOV,95672,95768
875,"01:06:34,032","01:06:39,704",_ ,LEGASOV,95768,95888
876,"01:06:40,872","01:06:46,418",_ ,LEGASOV,95912,96055
877,"01:06:46,419","01:06:52,504",_ ,LEGASOV,96055,96199
878,"01:06:54,465","01:06:58,514",_ ,LEGASOV,96247,96343
879,"01:06:58,515","01:07:05,772",_ ,LEGASOV,96343,96511
880,"01:07:06,965","01:07:14,322",_ ,LEGASOV,96535,96727
881,"01:07:15,605","01:07:18,742",_ ,LEGASOV,96751,96823
882,"01:07:18,743","01:07:23,957",_ ,LEGASOV,96823,96943
883,"01:07:25,291","01:07:29,293",_ ,LEGASOV,96991,97086
884,"01:07:29,355","01:07:37,730",_ ,LEGASOV,97086,97278
885,"01:07:39,138","01:07:50,858",_ ,LEGASOV,97326,97590
886,"01:07:52,496","01:07:56,154",_ ,LEGASOV,97638,97734
887,"01:07:56,155","01:08:01,379",_ ,LEGASOV,97734,97854
888,"01:08:01,382","01:08:08,001",_ ,LEGASOV,97854,98022
889,"01:08:09,752","01:08:16,050",_ ,LEGASOV,98046,98213
890,"01:08:17,019","01:08:26,894",_ ,LEGASOV,98237,98453
891,"01:08:28,433","01:08:31,690",_ ,LEGASOV,98501,98573
892,"01:08:31,691","01:08:36,207",_ ,LEGASOV,98573,98693
893,"01:08:36,210","01:08:41,576",_ ,LEGASOV,98693,98813
894,"01:08:43,238","01:08:48,041",_ ,LEGASOV,98861,98981
895,"01:08:48,044","01:08:57,675",_ ,LEGASOV,98981,99196
896,"01:08:59,308","01:09:03,430",_ ,LEGASOV,99244,99340
897,"01:09:03,431","01:09:11,035",_ ,LEGASOV,99340,99532
898,"01:09:13,871","01:09:27,894",_ ,LEGASOV,99580,99916
899,"01:09:32,730","01:09:39,824",_ ,LEGASOV,100036,100204
900,"01:09:43,254","01:09:53,022","- <font color=""#D81D1D"">Synced and corrected by VitoSilans</font> - -- <font color=""#138CE9"">www.MY-SUBS.com</font> -- ",CHARKOV,100299,100539
